<?xml version="1.0" encoding="UTF-8"?>
<efx:project name="seveni96s" description="" last_change_date="Thu March 31 2022 07:12:17" location="/home/peter/efinity/2021.2/project/hostmot2" sw_version="2021.2.323" last_run_state="pass" last_run_tool="efx_pgm" last_run_flow="bitstream" config_result_in_sync="true" design_ood="new" place_ood="sync" route_ood="sync" xmlns:efx="http://www.efinixinc.com/enf_proj" xmlns:xsi="http://www.w3.org/2001/XMLSchema-instance" xsi:schemaLocation="http://www.efinixinc.com/enf_proj enf_proj.xsd">
    <efx:device_info>
        <efx:family name="Trion"/>
        <efx:device name="T20F256"/>
        <efx:timing_model name="C4"/>
    </efx:device_info>
    <efx:design_info def_veri_version="verilog_2k" def_vhdl_version="default">
        <efx:top_module name="TopEthernetHostmot2"/>
        <efx:design_file name="TopEthernet16HostMot2.vhd" version="default" library="default"/>
        <efx:design_file name="hostmot2.vhd" version="default" library="default"/>
        <efx:design_file name="wordrb.vhd" version="default" library="default"/>
        <efx:design_file name="kubstepgenzi.vhd" version="default" library="default"/>
        <efx:design_file name="qcountersfp.vhd" version="default" library="default"/>
        <efx:design_file name="bufferedspi.vhd" version="default" library="default"/>
        <efx:design_file name="wordpr.vhd" version="default" library="default"/>
        <efx:design_file name="resrom.vhd" version="default" library="default"/>
        <efx:design_file name="MaxIOPinsPerModule.vhd" version="default" library="default"/>
        <efx:design_file name="MaxOutputPinsPerModule.vhd" version="default" library="default"/>
        <efx:design_file name="timestamp.vhd" version="default" library="default"/>
        <efx:design_file name="boutreg.vhd" version="default" library="default"/>
        <efx:design_file name="sine16.vhd" version="default" library="default"/>
        <efx:design_file name="ModuleExists.vhd" version="default" library="default"/>
        <efx:design_file name="sslbpram.vhd" version="default" library="default"/>
        <efx:design_file name="parity.vhd" version="default" library="default"/>
        <efx:design_file name="decodedstrobe2.vhd" version="default" library="default"/>
        <efx:design_file name="etherhm2.vhd" version="default" library="default"/>
        <efx:design_file name="Sixi25_x9card.vhd" version="default" library="default"/>
        <efx:design_file name="adpram.vhd" version="default" library="default"/>
        <efx:design_file name="simplespi8x.vhd" version="default" library="default"/>
        <efx:design_file name="d8o8sqws.vhd" version="default" library="default"/>
        <efx:design_file name="sserialwa.vhd" version="default" library="default"/>
        <efx:design_file name="sslbprom43.vhd" version="default" library="default"/>
        <efx:design_file name="fanucabs.vhd" version="default" library="default"/>
        <efx:design_file name="TopEthernet16HostMot2.vhd" version="default" library="default"/>
        <efx:design_file name="d16w.vhd" version="default" library="default"/>
        <efx:design_file name="qcounteratesk.vhd" version="default" library="default"/>
        <efx:design_file name="srl16delay.vhd" version="default" library="default"/>
        <efx:design_file name="irqlogics.vhd" version="default" library="default"/>
        <efx:design_file name="hmtimers.vhd" version="default" library="default"/>
        <efx:design_file name="scalercounter.vhd" version="default" library="default"/>
        <efx:design_file name="scalertimer.vhd" version="default" library="default"/>
        <efx:design_file name="InputPinsPerModule.vhd" version="default" library="default"/>
        <efx:design_file name="fixicap.vhd" version="default" library="default"/>
        <efx:design_file name="biss_loop.vhd" version="default" library="default"/>
        <efx:design_file name="b32qcondmac2ws.vhd" version="default" library="default"/>
        <efx:design_file name="ubrategend.vhd" version="default" library="default"/>
        <efx:design_file name="kubstepgenz.vhd" version="default" library="default"/>
        <efx:design_file name="kubstepgenzd.vhd" version="default" library="default"/>
        <efx:design_file name="kubstepgenzid.vhd" version="default" library="default"/>
        <efx:design_file name="PIN_JUSTIO_51.vhd" version="default" library="default"/>
        <efx:design_file name="qcounterateskd.vhd" version="default" library="default"/>
        <efx:design_file name="qcounterated.vhd" version="default" library="default"/>
        <efx:design_file name="qcountersfpd.vhd" version="default" library="default"/>
        <efx:design_file name="qcountersfd.vhd" version="default" library="default"/>
        <efx:design_file name="xfrmrout.vhd" version="default" library="default"/>
        <efx:design_file name="cpdrive.vhd" version="default" library="default"/>
        <efx:design_file name="OutputPinsPerModule.vhd" version="default" library="default"/>
        <efx:design_file name="GetModuleHint.vhd" version="default" library="default"/>
        <efx:design_file name="PIN_7I96PktD_51.vhd" version="default" library="default"/>
        <efx:design_file name="timestampd.vhd" version="default" library="default"/>
        <efx:design_file name="inmuxm.vhd" version="default" library="default"/>
        <efx:design_file name="PIN_7I96_inmD_51.vhd" version="default" library="default"/>
        <efx:design_file name="inm.vhd" version="default" library="default"/>
        <efx:design_file name="PIN_7I96_inmD_5abob_51.vhd" version="default" library="default"/>
        <efx:design_file name="dpainter.vhd" version="default" library="default"/>
        <efx:design_file name="PIN_7I96_D_5abob_51.vhd" version="default" library="default"/>
        <efx:design_file name="PIN_7I96D_7I78_51.vhd" version="default" library="default"/>
        <efx:design_file name="PIN_7I96D_7I77_51.vhd" version="default" library="default"/>
        <efx:design_file name="xy2mod.vhd" version="default" library="default"/>
        <efx:design_file name="PIN_7I96_XY2ModD_51.vhd" version="default" library="default"/>
        <efx:design_file name="PIN_7I96D_7I76_51.vhd" version="default" library="default"/>
        <efx:design_file name="PIN_7I96DPL_51.vhd" version="default" library="default"/>
        <efx:design_file name="PIN_7I96D_7I85S_51.vhd" version="default" library="default"/>
        <efx:design_file name="PIN_7I96_inmD_7I85S_51.vhd" version="default" library="default"/>
        <efx:design_file name="d8o8sqwsb.vhd" version="default" library="default"/>
        <efx:design_file name="sserialwab.vhd" version="default" library="default"/>
        <efx:design_file name="sslbprom46.vhd" version="default" library="default"/>
        <efx:design_file name="uartx8blutsrl.vhd" version="default" library="default"/>
        <efx:design_file name="uartr8blutsrl.vhd" version="default" library="default"/>
        <efx:design_file name="PIN_7I96D_7I85_51.vhd" version="default" library="default"/>
        <efx:design_file name="PIN_7I96_G540DPL_51.vhd" version="default" library="default"/>
        <efx:design_file name="rcpwmgen.vhd" version="default" library="default"/>
        <efx:design_file name="rcpwmrate.vhd" version="default" library="default"/>
        <efx:design_file name="pktuartr.vhd" version="default" library="default"/>
        <efx:design_file name="pktuartx.vhd" version="default" library="default"/>
        <efx:design_file name="uartx8lutsrl.vhd" version="default" library="default"/>
        <efx:design_file name="lutsrl16.vhd" version="default" library="default"/>
        <efx:design_file name="lutsrl32.vhd" version="default" library="default"/>
        <efx:design_file name="uartr8lutsrl.vhd" version="default" library="default"/>
        <efx:design_file name="PIN_7I76x2D_34.vhd" version="default" library="default"/>
        <efx:design_file name="PIN_7I76x1D_34.vhd" version="default" library="default"/>
        <efx:design_file name="PIN_PROB_RFx2D_34.vhd" version="default" library="default"/>
        <efx:design_file name="i92t_x13card.vhd" version="default" library="default"/>
        <efx:design_file name="IDROMConst.vhd" version="default" library="default"/>
        <efx:design_file name="log2.vhd" version="default" library="default"/>
        <efx:design_file name="oneofndecode.vhd" version="default" library="default"/>
        <efx:design_file name="dpram.vhd" version="default" library="default"/>
        <efx:design_file name="decodedstrobe.vhd" version="default" library="default"/>
        <efx:design_file name="MaxInputPinsPerModule.vhd" version="default" library="default"/>
        <efx:design_file name="MaxInputPinsPerModule.vhd" version="default" library="default"/>
        <efx:design_file name="CountPinsInRange.vhd" version="default" library="default"/>
        <efx:design_file name="PinExists.vhd" version="default" library="default"/>
        <efx:design_file name="NumberOfModules.vhd" version="default" library="default"/>
        <efx:design_file name="MaxPinsPerModule.vhd" version="default" library="default"/>
        <efx:design_file name="qcounterated.vhd" version="default" library="default"/>
        <efx:design_file name="qcounterate.vhd" version="default" library="default"/>
        <efx:design_file name="qcountersfd.vhd" version="default" library="default"/>
        <efx:design_file name="qcounterateskd.vhd" version="default" library="default"/>
        <efx:design_file name="pwmrefh.vhd" version="default" library="default"/>
        <efx:design_file name="pwmpdmgenh.vhd" version="default" library="default"/>
        <efx:design_file name="threephasepwm.vhd" version="default" library="default"/>
        <efx:design_file name="simplespi8x.vhd" version="default" library="default"/>
        <efx:design_file name="simplessi.vhd" version="default" library="default"/>
        <efx:design_file name="daqfifo16.vhd" version="default" library="default"/>
        <efx:design_file name="uartr.vhd" version="default" library="default"/>
        <efx:design_file name="qcountersfd.vhd" version="default" library="default"/>
        <efx:design_file name="qcountersfpd.vhd" version="default" library="default"/>
        <efx:design_file name="qcountersfp.vhd" version="default" library="default"/>
        <efx:design_file name="qcountersf.vhd" version="default" library="default"/>
        <efx:design_file name="simplespix.vhd" version="default" library="default"/>
        <efx:design_file name="uartx.vhd" version="default" library="default"/>
        <efx:design_file name="binosc.vhd" version="default" library="default"/>
        <efx:design_file name="wavegen.vhd" version="default" library="default"/>
        <efx:design_file name="resolver.vhd" version="default" library="default"/>
        <efx:design_file name="twiddle.vhd" version="default" library="default"/>
        <efx:design_file name="idrom.vhd" version="default" library="default"/>
        <efx:design_file name="waveram.vhd" version="default" library="default"/>
        <efx:design_file name="OutputInteg.vhd" version="default" library="default"/>
        <efx:design_file name="resolverdaq2.vhd" version="default" library="default"/>
        <efx:design_file name="syncwavegen.vhd" version="default" library="default"/>
        <efx:design_file name="twidrom.vhd" version="default" library="default"/>
        <efx:design_file name="hostmotid.vhd" version="default" library="default"/>
        <efx:design_file name="watchdog.vhd" version="default" library="default"/>
        <efx:design_file name="drqlogic.vhd" version="default" library="default"/>
        <efx:design_file name="ubrategen.vhd" version="default" library="default"/>
        <efx:design_file name="PIN_IOONLY_34.vhd" version="default" library="default"/>
        <efx:design_file name="PIN_G540_7I85SD_34.vhd" version="default" library="default"/>
        <efx:design_file name="PIN_7I76_7I78D_34.vhd" version="default" library="default"/>
        <efx:design_file name="PIN_7I96D_7I85S_51.vhd" version="default" library="default"/>
        <efx:design_file name="PIN_7I76_7I74D_34.vhd" version="default" library="default"/>
        <efx:design_file name="PIN_7I76_7I74D_6SS_34.vhd" version="default" library="default"/>
        <efx:design_file name="PIN_7I96_inmD_5abob_51.vhd" version="default" library="default"/>
        <efx:design_file name="i96_x9card.vhd" version="default" library="default"/>
        <efx:design_file name="PIN_7I76x3D_51.vhd" version="default" library="default"/>
        <efx:design_file name="i76e_x16card.vhd" version="default" library="default"/>
        <efx:design_file name="PIN_7I76x1D_51.vhd" version="default" library="default"/>
        <efx:design_file name="PIN_7I76x1D_51.vhd" version="default" library="default"/>
        <efx:design_file name="PIN_7I76x1_7I74x1D_51.vhd" version="default" library="default"/>
        <efx:design_file name="PIN_7I76x1_7i85x1_5abobD_51.vhd" version="default" library="default"/>
        <efx:design_file name="PIN_7I76x1_7i77x1_7i85sx1D_51.vhd" version="default" library="default"/>
        <efx:design_file name="outm.vhd" version="default" library="default"/>
        <efx:design_file name="PIN_7I96D_7I78_51.vhd" version="default" library="default"/>
        <efx:top_vhdl_arch name="behavioral"/>
    </efx:design_info>
    <efx:constraint_info>
        <efx:sdc_file name="hostmot2.sdc"/>
        <efx:inter_file name=""/>
    </efx:constraint_info>
    <efx:sim_info/>
    <efx:misc_info/>
    <efx:ip_info/>
    <efx:synthesis tool_name="efx_map">
        <efx:param name="work_dir" value="work_syn" value_type="e_string"/>
        <efx:param name="write_efx_verilog" value="on" value_type="e_bool"/>
        <efx:param name="mode" value="speed" value_type="e_option"/>
        <efx:param name="max_ram" value="-1" value_type="e_integer"/>
        <efx:param name="max_mult" value="-1" value_type="e_integer"/>
        <efx:param name="infer-clk-enable" value="3" value_type="e_option"/>
        <efx:param name="infer-sync-set-reset" value="1" value_type="e_option"/>
        <efx:param name="fanout-limit" value="0" value_type="e_integer"/>
        <efx:param name="bram_output_regs_packing" value="1" value_type="e_option"/>
        <efx:param name="retiming" value="1" value_type="e_option"/>
        <efx:param name="seq_opt" value="1" value_type="e_option"/>
        <efx:param name="blast_const_operand_adders" value="1" value_type="e_option"/>
        <efx:param name="mult_input_regs_packing" value="1" value_type="e_option"/>
        <efx:param name="mult_output_regs_packing" value="1" value_type="e_option"/>
        <efx:param name="dsp-mac-packing" value="1" value_type="e_option"/>
        <efx:param name="dsp-output-regs-packing" value="1" value_type="e_option"/>
        <efx:param name="dsp-input-regs-packing" value="1" value_type="e_option"/>
        <efx:param name="operator-sharing" value="0" value_type="e_option"/>
        <efx:param name="optimize-adder-tree" value="0" value_type="e_option"/>
    </efx:synthesis>
    <efx:place_and_route tool_name="efx_pnr">
        <efx:param name="work_dir" value="work_pnr" value_type="e_string"/>
        <efx:param name="verbose" value="off" value_type="e_bool"/>
        <efx:param name="load_delaym" value="on" value_type="e_bool"/>
        <efx:param name="optimization_level" value="TIMING_3" value_type="e_option"/>
        <efx:param name="seed" value="9" value_type="e_integer"/>
    </efx:place_and_route>
    <efx:bitstream_generation tool_name="efx_pgm">
        <efx:param name="mode" value="active" value_type="e_option"/>
        <efx:param name="width" value="1" value_type="e_option"/>
        <efx:param name="cold_boot" value="off" value_type="e_bool"/>
        <efx:param name="cascade" value="off" value_type="e_option"/>
        <efx:param name="enable_roms" value="on" value_type="e_option"/>
        <efx:param name="spi_low_power_mode" value="on" value_type="e_bool"/>
        <efx:param name="io_weak_pullup" value="on" value_type="e_bool"/>
        <efx:param name="oscillator_clock_divider" value="DIV8" value_type="e_option"/>
        <efx:param name="enable_crc_check" value="on" value_type="e_bool"/>
        <efx:param name="bitstream_compression" value="off" value_type="e_bool"/>
        <efx:param name="active_capture_clk_edge" value="posedge" value_type="e_option"/>
        <efx:param name="release_tri_then_reset" value="on" value_type="e_bool"/>
        <efx:param name="jtag_usercode" value="0xFFFFFFFF" value_type="e_string"/>
        <efx:param name="enable_external_master_clock" value="off" value_type="e_bool"/>
    </efx:bitstream_generation>
    <efx:debugger>
        <efx:param name="work_dir" value="work_dbg" value_type="e_string"/>
        <efx:param name="auto_instantiation" value="off" value_type="e_bool"/>
        <efx:param name="profile" value="NONE" value_type="e_string"/>
    </efx:debugger>
</efx:project>
