<?xml version="1.0" encoding="UTF-8"?>
<efxpt:design_db name="seveni96s" device_def="T20F256" location="/home/peter/efinity/2021.2/project/hostmot2" version="2021.2.323.4.6" db_version="20212999" last_change_date="Thu Jun  2 14:02:05 2022" xmlns:efxpt="http://www.efinixinc.com/peri_design_db" xmlns:xsi="http://www.w3.org/2001/XMLSchema-instance" xsi:schemaLocation="http://www.efinixinc.com/peri_design_db peri_design_db.xsd ">
    <efxpt:device_info>
        <efxpt:iobank_info>
            <efxpt:iobank name="1A" iostd="3.3 V LVTTL / LVCMOS"/>
            <efxpt:iobank name="1B_1C" iostd="3.3 V LVTTL / LVCMOS"/>
            <efxpt:iobank name="1D_1E" iostd="3.3 V LVTTL / LVCMOS"/>
            <efxpt:iobank name="3A_3B_3C" iostd="3.3 V LVTTL / LVCMOS"/>
            <efxpt:iobank name="3D_3E" iostd="3.3 V LVTTL / LVCMOS"/>
            <efxpt:iobank name="4A" iostd="3.3 V LVTTL / LVCMOS"/>
            <efxpt:iobank name="4B" iostd="3.3 V LVTTL / LVCMOS"/>
            <efxpt:iobank name="BR" iostd="1.2 V"/>
            <efxpt:iobank name="TL" iostd="1.2 V"/>
            <efxpt:iobank name="TR" iostd="1.2 V"/>
        </efxpt:iobank_info>
        <efxpt:ctrl_info>
            <efxpt:ctrl name="cfg" ctrl_def="CONFIG_CTRL0" clock_name="procclk" is_clk_invert="false" cbsel_bus_name="ConfigOut" config_ctrl_name="ConfigStart" ena_capture_name="ConfigEnable" error_status_name="ConfigStatus" um_signal_status_name="cfg_USR_STATUS" is_remote_update_enable="true" is_user_mode_enable="false"/>
        </efxpt:ctrl_info>
    </efxpt:device_info>
    <efxpt:gpio_info device_def="T20F256">
        <efxpt:gpio name="ECLK" gpio_def="GPIOB_RXP04" mode="output" bus_name="" is_lvds_gpio="true" io_standard="3.3 V LVTTL / LVCMOS">
            <efxpt:output_config name="ECLK" name_ddio_lo="" register_option="none" clock_name="" is_clock_inverted="false" is_slew_rate="false" tied_option="none" ddio_type="none" drive_strength="1"/>
        </efxpt:gpio>
        <efxpt:gpio name="ECMD" gpio_def="GPIOB_TXN03" mode="output" bus_name="" is_lvds_gpio="true" io_standard="3.3 V LVTTL / LVCMOS">
            <efxpt:output_config name="ECMD" name_ddio_lo="" register_option="none" clock_name="" is_clock_inverted="false" is_slew_rate="false" tied_option="none" ddio_type="none" drive_strength="1"/>
        </efxpt:gpio>
        <efxpt:gpio name="EDATA[0]" gpio_def="GPIOB_TXP07" mode="inout" bus_name="EDATA" is_lvds_gpio="true" io_standard="3.3 V LVTTL / LVCMOS">
            <efxpt:input_config name="EDIN[0]" name_ddio_lo="" conn_type="normal" is_register="false" clock_name="" is_clock_inverted="false" pull_option="none" is_schmitt_trigger="false" ddio_type="none"/>
            <efxpt:output_config name="EDOUT[0]" name_ddio_lo="" register_option="none" clock_name="" is_clock_inverted="false" is_slew_rate="false" tied_option="none" ddio_type="none" drive_strength="1"/>
            <efxpt:output_enable_config name="EDENAS[0]" is_register="false" clock_name="" is_clock_inverted="false"/>
        </efxpt:gpio>
        <efxpt:gpio name="EDATA[10]" gpio_def="GPIOB_RXP00" mode="inout" bus_name="EDATA" is_lvds_gpio="true" io_standard="3.3 V LVTTL / LVCMOS">
            <efxpt:input_config name="EDIN[10]" name_ddio_lo="" conn_type="normal" is_register="false" clock_name="" is_clock_inverted="false" pull_option="none" is_schmitt_trigger="false" ddio_type="none"/>
            <efxpt:output_config name="EDOUT[10]" name_ddio_lo="" register_option="none" clock_name="" is_clock_inverted="false" is_slew_rate="false" tied_option="none" ddio_type="none" drive_strength="1"/>
            <efxpt:output_enable_config name="EDENAS[10]" is_register="false" clock_name="" is_clock_inverted="false"/>
        </efxpt:gpio>
        <efxpt:gpio name="EDATA[11]" gpio_def="GPIOB_RXN00" mode="inout" bus_name="EDATA" is_lvds_gpio="true" io_standard="3.3 V LVTTL / LVCMOS">
            <efxpt:input_config name="EDIN[11]" name_ddio_lo="" conn_type="normal" is_register="false" clock_name="" is_clock_inverted="false" pull_option="none" is_schmitt_trigger="false" ddio_type="none"/>
            <efxpt:output_config name="EDOUT[11]" name_ddio_lo="" register_option="none" clock_name="" is_clock_inverted="false" is_slew_rate="false" tied_option="none" ddio_type="none" drive_strength="1"/>
            <efxpt:output_enable_config name="EDENAS[11]" is_register="false" clock_name="" is_clock_inverted="false"/>
        </efxpt:gpio>
        <efxpt:gpio name="EDATA[12]" gpio_def="GPIOB_RXP02" mode="inout" bus_name="EDATA" is_lvds_gpio="true" io_standard="3.3 V LVTTL / LVCMOS">
            <efxpt:input_config name="EDIN[12]" name_ddio_lo="" conn_type="normal" is_register="false" clock_name="" is_clock_inverted="false" pull_option="none" is_schmitt_trigger="false" ddio_type="none"/>
            <efxpt:output_config name="EDOUT[12]" name_ddio_lo="" register_option="none" clock_name="" is_clock_inverted="false" is_slew_rate="false" tied_option="none" ddio_type="none" drive_strength="1"/>
            <efxpt:output_enable_config name="EDENAS[12]" is_register="false" clock_name="" is_clock_inverted="false"/>
        </efxpt:gpio>
        <efxpt:gpio name="EDATA[13]" gpio_def="GPIOB_RXP03" mode="inout" bus_name="EDATA" is_lvds_gpio="true" io_standard="3.3 V LVTTL / LVCMOS">
            <efxpt:input_config name="EDIN[13]" name_ddio_lo="" conn_type="normal" is_register="false" clock_name="" is_clock_inverted="false" pull_option="none" is_schmitt_trigger="false" ddio_type="none"/>
            <efxpt:output_config name="EDOUT[13]" name_ddio_lo="" register_option="none" clock_name="" is_clock_inverted="false" is_slew_rate="false" tied_option="none" ddio_type="none" drive_strength="1"/>
            <efxpt:output_enable_config name="EDENAS[13]" is_register="false" clock_name="" is_clock_inverted="false"/>
        </efxpt:gpio>
        <efxpt:gpio name="EDATA[14]" gpio_def="GPIOB_RXN02" mode="inout" bus_name="EDATA" is_lvds_gpio="true" io_standard="3.3 V LVTTL / LVCMOS">
            <efxpt:input_config name="EDIN[14]" name_ddio_lo="" conn_type="normal" is_register="false" clock_name="" is_clock_inverted="false" pull_option="none" is_schmitt_trigger="false" ddio_type="none"/>
            <efxpt:output_config name="EDOUT[14]" name_ddio_lo="" register_option="none" clock_name="" is_clock_inverted="false" is_slew_rate="false" tied_option="none" ddio_type="none" drive_strength="1"/>
            <efxpt:output_enable_config name="EDENAS[14]" is_register="false" clock_name="" is_clock_inverted="false"/>
        </efxpt:gpio>
        <efxpt:gpio name="EDATA[15]" gpio_def="GPIOB_RXN04" mode="inout" bus_name="EDATA" is_lvds_gpio="true" io_standard="3.3 V LVTTL / LVCMOS">
            <efxpt:input_config name="EDIN[15]" name_ddio_lo="" conn_type="normal" is_register="false" clock_name="" is_clock_inverted="false" pull_option="none" is_schmitt_trigger="false" ddio_type="none"/>
            <efxpt:output_config name="EDOUT[15]" name_ddio_lo="" register_option="none" clock_name="" is_clock_inverted="false" is_slew_rate="false" tied_option="none" ddio_type="none" drive_strength="1"/>
            <efxpt:output_enable_config name="EDENAS[15]" is_register="false" clock_name="" is_clock_inverted="false"/>
        </efxpt:gpio>
        <efxpt:gpio name="EDATA[1]" gpio_def="GPIOB_TXN07" mode="inout" bus_name="EDATA" is_lvds_gpio="true" io_standard="3.3 V LVTTL / LVCMOS">
            <efxpt:input_config name="EDIN[1]" name_ddio_lo="" conn_type="normal" is_register="false" clock_name="" is_clock_inverted="false" pull_option="none" is_schmitt_trigger="false" ddio_type="none"/>
            <efxpt:output_config name="EDOUT[1]" name_ddio_lo="" register_option="none" clock_name="" is_clock_inverted="false" is_slew_rate="false" tied_option="none" ddio_type="none" drive_strength="1"/>
            <efxpt:output_enable_config name="EDENAS[1]" is_register="false" clock_name="" is_clock_inverted="false"/>
        </efxpt:gpio>
        <efxpt:gpio name="EDATA[2]" gpio_def="GPIOB_TXN06" mode="inout" bus_name="EDATA" is_lvds_gpio="true" io_standard="3.3 V LVTTL / LVCMOS">
            <efxpt:input_config name="EDIN[2]" name_ddio_lo="" conn_type="normal" is_register="false" clock_name="" is_clock_inverted="false" pull_option="none" is_schmitt_trigger="false" ddio_type="none"/>
            <efxpt:output_config name="EDOUT[2]" name_ddio_lo="" register_option="none" clock_name="" is_clock_inverted="false" is_slew_rate="false" tied_option="none" ddio_type="none" drive_strength="1"/>
            <efxpt:output_enable_config name="EDENAS[2]" is_register="false" clock_name="" is_clock_inverted="false"/>
        </efxpt:gpio>
        <efxpt:gpio name="EDATA[3]" gpio_def="GPIOB_TXP08" mode="inout" bus_name="EDATA" is_lvds_gpio="true" io_standard="3.3 V LVTTL / LVCMOS">
            <efxpt:input_config name="EDIN[3]" name_ddio_lo="" conn_type="normal" is_register="false" clock_name="" is_clock_inverted="false" pull_option="none" is_schmitt_trigger="false" ddio_type="none"/>
            <efxpt:output_config name="EDOUT[3]" name_ddio_lo="" register_option="none" clock_name="" is_clock_inverted="false" is_slew_rate="false" tied_option="none" ddio_type="none" drive_strength="1"/>
            <efxpt:output_enable_config name="EDENAS[3]" is_register="false" clock_name="" is_clock_inverted="false"/>
        </efxpt:gpio>
        <efxpt:gpio name="EDATA[4]" gpio_def="GPIOB_TXN08" mode="inout" bus_name="EDATA" is_lvds_gpio="true" io_standard="3.3 V LVTTL / LVCMOS">
            <efxpt:input_config name="EDIN[4]" name_ddio_lo="" conn_type="normal" is_register="false" clock_name="" is_clock_inverted="false" pull_option="none" is_schmitt_trigger="false" ddio_type="none"/>
            <efxpt:output_config name="EDOUT[4]" name_ddio_lo="" register_option="none" clock_name="" is_clock_inverted="false" is_slew_rate="false" tied_option="none" ddio_type="none" drive_strength="1"/>
            <efxpt:output_enable_config name="EDENAS[4]" is_register="false" clock_name="" is_clock_inverted="false"/>
        </efxpt:gpio>
        <efxpt:gpio name="EDATA[5]" gpio_def="GPIOB_TXN09" mode="inout" bus_name="EDATA" is_lvds_gpio="true" io_standard="3.3 V LVTTL / LVCMOS">
            <efxpt:input_config name="EDIN[5]" name_ddio_lo="" conn_type="normal" is_register="false" clock_name="" is_clock_inverted="false" pull_option="none" is_schmitt_trigger="false" ddio_type="none"/>
            <efxpt:output_config name="EDOUT[5]" name_ddio_lo="" register_option="none" clock_name="" is_clock_inverted="false" is_slew_rate="false" tied_option="none" ddio_type="none" drive_strength="1"/>
            <efxpt:output_enable_config name="EDENAS[5]" is_register="false" clock_name="" is_clock_inverted="false"/>
        </efxpt:gpio>
        <efxpt:gpio name="EDATA[6]" gpio_def="GPIOB_TXN10" mode="inout" bus_name="EDATA" is_lvds_gpio="true" io_standard="3.3 V LVTTL / LVCMOS">
            <efxpt:input_config name="EDIN[6]" name_ddio_lo="" conn_type="normal" is_register="false" clock_name="" is_clock_inverted="false" pull_option="none" is_schmitt_trigger="false" ddio_type="none"/>
            <efxpt:output_config name="EDOUT[6]" name_ddio_lo="" register_option="none" clock_name="" is_clock_inverted="false" is_slew_rate="false" tied_option="none" ddio_type="none" drive_strength="1"/>
            <efxpt:output_enable_config name="EDENAS[6]" is_register="false" clock_name="" is_clock_inverted="false"/>
        </efxpt:gpio>
        <efxpt:gpio name="EDATA[7]" gpio_def="GPIOB_TXN12" mode="inout" bus_name="EDATA" is_lvds_gpio="true" io_standard="3.3 V LVTTL / LVCMOS">
            <efxpt:input_config name="EDIN[7]" name_ddio_lo="" conn_type="normal" is_register="false" clock_name="" is_clock_inverted="false" pull_option="none" is_schmitt_trigger="false" ddio_type="none"/>
            <efxpt:output_config name="EDOUT[7]" name_ddio_lo="" register_option="none" clock_name="" is_clock_inverted="false" is_slew_rate="false" tied_option="none" ddio_type="none" drive_strength="1"/>
            <efxpt:output_enable_config name="EDENAS[7]" is_register="false" clock_name="" is_clock_inverted="false"/>
        </efxpt:gpio>
        <efxpt:gpio name="EDATA[8]" gpio_def="GPIOB_TXP12" mode="inout" bus_name="EDATA" is_lvds_gpio="true" io_standard="3.3 V LVTTL / LVCMOS">
            <efxpt:input_config name="EDIN[8]" name_ddio_lo="" conn_type="normal" is_register="false" clock_name="" is_clock_inverted="false" pull_option="none" is_schmitt_trigger="false" ddio_type="none"/>
            <efxpt:output_config name="EDOUT[8]" name_ddio_lo="" register_option="none" clock_name="" is_clock_inverted="false" is_slew_rate="false" tied_option="none" ddio_type="none" drive_strength="1"/>
            <efxpt:output_enable_config name="EDENAS[8]" is_register="false" clock_name="" is_clock_inverted="false"/>
        </efxpt:gpio>
        <efxpt:gpio name="EDATA[9]" gpio_def="GPIOB_TXP10" mode="inout" bus_name="EDATA" is_lvds_gpio="true" io_standard="3.3 V LVTTL / LVCMOS">
            <efxpt:input_config name="EDIN[9]" name_ddio_lo="" conn_type="normal" is_register="false" clock_name="" is_clock_inverted="false" pull_option="none" is_schmitt_trigger="false" ddio_type="none"/>
            <efxpt:output_config name="EDOUT[9]" name_ddio_lo="" register_option="none" clock_name="" is_clock_inverted="false" is_slew_rate="false" tied_option="none" ddio_type="none" drive_strength="1"/>
            <efxpt:output_enable_config name="EDENAS[9]" is_register="false" clock_name="" is_clock_inverted="false"/>
        </efxpt:gpio>
        <efxpt:gpio name="EINT" gpio_def="GPIOB_TXN04" mode="input" bus_name="" is_lvds_gpio="true" io_standard="3.3 V LVTTL / LVCMOS">
            <efxpt:input_config name="EINT" name_ddio_lo="" conn_type="normal" is_register="false" clock_name="" is_clock_inverted="false" pull_option="weak pullup" is_schmitt_trigger="true" ddio_type="none"/>
        </efxpt:gpio>
        <efxpt:gpio name="ENAIO" gpio_def="GPIOL_50" mode="output" bus_name="" is_lvds_gpio="false" io_standard="3.3 V LVTTL / LVCMOS">
            <efxpt:output_config name="ENAIO" name_ddio_lo="" register_option="none" clock_name="" is_clock_inverted="false" is_slew_rate="false" tied_option="none" ddio_type="none" drive_strength="1"/>
        </efxpt:gpio>
        <efxpt:gpio name="IOBits[0]" gpio_def="GPIOR_94" mode="inout" bus_name="IOBits" is_lvds_gpio="false" io_standard="3.3 V LVTTL / LVCMOS">
            <efxpt:input_config name="IOINS[0]" name_ddio_lo="" conn_type="normal" is_register="false" clock_name="" is_clock_inverted="false" pull_option="none" is_schmitt_trigger="true" ddio_type="none"/>
            <efxpt:output_config name="IOOUTS[0]" name_ddio_lo="" register_option="none" clock_name="" is_clock_inverted="false" is_slew_rate="true" tied_option="none" ddio_type="none" drive_strength="4"/>
            <efxpt:output_enable_config name="IOENAS[0]" is_register="false" clock_name="" is_clock_inverted="false"/>
        </efxpt:gpio>
        <efxpt:gpio name="IOBits[10]" gpio_def="GPIOR_86" mode="inout" bus_name="IOBits" is_lvds_gpio="false" io_standard="3.3 V LVTTL / LVCMOS">
            <efxpt:input_config name="IOINS[10]" name_ddio_lo="" conn_type="normal" is_register="false" clock_name="" is_clock_inverted="false" pull_option="none" is_schmitt_trigger="true" ddio_type="none"/>
            <efxpt:output_config name="IOOUTS[10]" name_ddio_lo="" register_option="none" clock_name="" is_clock_inverted="false" is_slew_rate="true" tied_option="none" ddio_type="none" drive_strength="4"/>
            <efxpt:output_enable_config name="IOENAS[10]" is_register="false" clock_name="" is_clock_inverted="false"/>
        </efxpt:gpio>
        <efxpt:gpio name="IOBits[11]" gpio_def="GPIOR_79" mode="inout" bus_name="IOBits" is_lvds_gpio="false" io_standard="3.3 V LVTTL / LVCMOS">
            <efxpt:input_config name="IOINS[11]" name_ddio_lo="" conn_type="normal" is_register="false" clock_name="" is_clock_inverted="false" pull_option="none" is_schmitt_trigger="true" ddio_type="none"/>
            <efxpt:output_config name="IOOUTS[11]" name_ddio_lo="" register_option="none" clock_name="" is_clock_inverted="false" is_slew_rate="true" tied_option="none" ddio_type="none" drive_strength="4"/>
            <efxpt:output_enable_config name="IOENAS[11]" is_register="false" clock_name="" is_clock_inverted="false"/>
        </efxpt:gpio>
        <efxpt:gpio name="IOBits[12]" gpio_def="GPIOL_32" mode="inout" bus_name="IOBits" is_lvds_gpio="false" io_standard="3.3 V LVTTL / LVCMOS">
            <efxpt:input_config name="IOINS[12]" name_ddio_lo="" conn_type="normal" is_register="false" clock_name="" is_clock_inverted="false" pull_option="none" is_schmitt_trigger="true" ddio_type="none"/>
            <efxpt:output_config name="IOOUTS[12]" name_ddio_lo="" register_option="none" clock_name="" is_clock_inverted="false" is_slew_rate="true" tied_option="none" ddio_type="none" drive_strength="4"/>
            <efxpt:output_enable_config name="IOENAS[12]" is_register="false" clock_name="" is_clock_inverted="false"/>
        </efxpt:gpio>
        <efxpt:gpio name="IOBits[13]" gpio_def="GPIOL_35" mode="inout" bus_name="IOBits" is_lvds_gpio="false" io_standard="3.3 V LVTTL / LVCMOS">
            <efxpt:input_config name="IOINS[13]" name_ddio_lo="" conn_type="normal" is_register="false" clock_name="" is_clock_inverted="false" pull_option="none" is_schmitt_trigger="true" ddio_type="none"/>
            <efxpt:output_config name="IOOUTS[13]" name_ddio_lo="" register_option="none" clock_name="" is_clock_inverted="false" is_slew_rate="true" tied_option="none" ddio_type="none" drive_strength="4"/>
            <efxpt:output_enable_config name="IOENAS[13]" is_register="false" clock_name="" is_clock_inverted="false"/>
        </efxpt:gpio>
        <efxpt:gpio name="IOBits[14]" gpio_def="GPIOL_31" mode="inout" bus_name="IOBits" is_lvds_gpio="false" io_standard="3.3 V LVTTL / LVCMOS">
            <efxpt:input_config name="IOINS[14]" name_ddio_lo="" conn_type="normal" is_register="false" clock_name="" is_clock_inverted="false" pull_option="none" is_schmitt_trigger="true" ddio_type="none"/>
            <efxpt:output_config name="IOOUTS[14]" name_ddio_lo="" register_option="none" clock_name="" is_clock_inverted="false" is_slew_rate="true" tied_option="none" ddio_type="none" drive_strength="4"/>
            <efxpt:output_enable_config name="IOENAS[14]" is_register="false" clock_name="" is_clock_inverted="false"/>
        </efxpt:gpio>
        <efxpt:gpio name="IOBits[15]" gpio_def="GPIOL_27" mode="inout" bus_name="IOBits" is_lvds_gpio="false" io_standard="3.3 V LVTTL / LVCMOS">
            <efxpt:input_config name="IOINS[15]" name_ddio_lo="" conn_type="normal" is_register="false" clock_name="" is_clock_inverted="false" pull_option="none" is_schmitt_trigger="true" ddio_type="none"/>
            <efxpt:output_config name="IOOUTS[15]" name_ddio_lo="" register_option="none" clock_name="" is_clock_inverted="false" is_slew_rate="true" tied_option="none" ddio_type="none" drive_strength="4"/>
            <efxpt:output_enable_config name="IOENAS[15]" is_register="false" clock_name="" is_clock_inverted="false"/>
        </efxpt:gpio>
        <efxpt:gpio name="IOBits[16]" gpio_def="GPIOL_22" mode="inout" bus_name="IOBits" is_lvds_gpio="false" io_standard="3.3 V LVTTL / LVCMOS">
            <efxpt:input_config name="IOINS[16]" name_ddio_lo="" conn_type="normal" is_register="false" clock_name="" is_clock_inverted="false" pull_option="none" is_schmitt_trigger="true" ddio_type="none"/>
            <efxpt:output_config name="IOOUTS[16]" name_ddio_lo="" register_option="none" clock_name="" is_clock_inverted="false" is_slew_rate="true" tied_option="none" ddio_type="none" drive_strength="4"/>
            <efxpt:output_enable_config name="IOENAS[16]" is_register="false" clock_name="" is_clock_inverted="false"/>
        </efxpt:gpio>
        <efxpt:gpio name="IOBits[17]" gpio_def="GPIOL_25" mode="inout" bus_name="IOBits" is_lvds_gpio="false" io_standard="3.3 V LVTTL / LVCMOS">
            <efxpt:input_config name="IOINS[17]" name_ddio_lo="" conn_type="normal" is_register="false" clock_name="" is_clock_inverted="false" pull_option="none" is_schmitt_trigger="true" ddio_type="none"/>
            <efxpt:output_config name="IOOUTS[17]" name_ddio_lo="" register_option="none" clock_name="" is_clock_inverted="false" is_slew_rate="true" tied_option="none" ddio_type="none" drive_strength="4"/>
            <efxpt:output_enable_config name="IOENAS[17]" is_register="false" clock_name="" is_clock_inverted="false"/>
        </efxpt:gpio>
        <efxpt:gpio name="IOBits[18]" gpio_def="GPIOL_24" mode="inout" bus_name="IOBits" is_lvds_gpio="false" io_standard="3.3 V LVTTL / LVCMOS">
            <efxpt:input_config name="IOINS[18]" name_ddio_lo="" conn_type="normal" is_register="false" clock_name="" is_clock_inverted="false" pull_option="none" is_schmitt_trigger="true" ddio_type="none"/>
            <efxpt:output_config name="IOOUTS[18]" name_ddio_lo="" register_option="none" clock_name="" is_clock_inverted="false" is_slew_rate="true" tied_option="none" ddio_type="none" drive_strength="4"/>
            <efxpt:output_enable_config name="IOENAS[18]" is_register="false" clock_name="" is_clock_inverted="false"/>
        </efxpt:gpio>
        <efxpt:gpio name="IOBits[19]" gpio_def="GPIOL_20" mode="inout" bus_name="IOBits" is_lvds_gpio="false" io_standard="3.3 V LVTTL / LVCMOS">
            <efxpt:input_config name="IOINS[19]" name_ddio_lo="" conn_type="normal" is_register="false" clock_name="" is_clock_inverted="false" pull_option="none" is_schmitt_trigger="true" ddio_type="none"/>
            <efxpt:output_config name="IOOUTS[19]" name_ddio_lo="" register_option="none" clock_name="" is_clock_inverted="false" is_slew_rate="true" tied_option="none" ddio_type="none" drive_strength="4"/>
            <efxpt:output_enable_config name="IOENAS[19]" is_register="false" clock_name="" is_clock_inverted="false"/>
        </efxpt:gpio>
        <efxpt:gpio name="IOBits[1]" gpio_def="GPIOR_98" mode="inout" bus_name="IOBits" is_lvds_gpio="false" io_standard="3.3 V LVTTL / LVCMOS">
            <efxpt:input_config name="IOINS[1]" name_ddio_lo="" conn_type="normal" is_register="false" clock_name="" is_clock_inverted="false" pull_option="none" is_schmitt_trigger="true" ddio_type="none"/>
            <efxpt:output_config name="IOOUTS[1]" name_ddio_lo="" register_option="none" clock_name="" is_clock_inverted="false" is_slew_rate="true" tied_option="none" ddio_type="none" drive_strength="4"/>
            <efxpt:output_enable_config name="IOENAS[1]" is_register="false" clock_name="" is_clock_inverted="false"/>
        </efxpt:gpio>
        <efxpt:gpio name="IOBits[20]" gpio_def="GPIOL_16" mode="inout" bus_name="IOBits" is_lvds_gpio="false" io_standard="3.3 V LVTTL / LVCMOS">
            <efxpt:input_config name="IOINS[20]" name_ddio_lo="" conn_type="normal" is_register="false" clock_name="" is_clock_inverted="false" pull_option="none" is_schmitt_trigger="true" ddio_type="none"/>
            <efxpt:output_config name="IOOUTS[20]" name_ddio_lo="" register_option="none" clock_name="" is_clock_inverted="false" is_slew_rate="true" tied_option="none" ddio_type="none" drive_strength="4"/>
            <efxpt:output_enable_config name="IOENAS[20]" is_register="false" clock_name="" is_clock_inverted="false"/>
        </efxpt:gpio>
        <efxpt:gpio name="IOBits[21]" gpio_def="GPIOL_18" mode="inout" bus_name="IOBits" is_lvds_gpio="false" io_standard="3.3 V LVTTL / LVCMOS">
            <efxpt:input_config name="IOINS[21]" name_ddio_lo="" conn_type="normal" is_register="false" clock_name="" is_clock_inverted="false" pull_option="none" is_schmitt_trigger="true" ddio_type="none"/>
            <efxpt:output_config name="IOOUTS[21]" name_ddio_lo="" register_option="none" clock_name="" is_clock_inverted="false" is_slew_rate="true" tied_option="none" ddio_type="none" drive_strength="4"/>
            <efxpt:output_enable_config name="IOENAS[21]" is_register="false" clock_name="" is_clock_inverted="false"/>
        </efxpt:gpio>
        <efxpt:gpio name="IOBits[22]" gpio_def="GPIOL_19" mode="inout" bus_name="IOBits" is_lvds_gpio="false" io_standard="3.3 V LVTTL / LVCMOS">
            <efxpt:input_config name="IOINS[22]" name_ddio_lo="" conn_type="normal" is_register="false" clock_name="" is_clock_inverted="false" pull_option="none" is_schmitt_trigger="true" ddio_type="none"/>
            <efxpt:output_config name="IOOUTS[22]" name_ddio_lo="" register_option="none" clock_name="" is_clock_inverted="false" is_slew_rate="true" tied_option="none" ddio_type="none" drive_strength="4"/>
            <efxpt:output_enable_config name="IOENAS[22]" is_register="false" clock_name="" is_clock_inverted="false"/>
        </efxpt:gpio>
        <efxpt:gpio name="IOBits[23]" gpio_def="GPIOL_15" mode="inout" bus_name="IOBits" is_lvds_gpio="false" io_standard="3.3 V LVTTL / LVCMOS">
            <efxpt:input_config name="IOINS[23]" name_ddio_lo="" conn_type="normal" is_register="false" clock_name="" is_clock_inverted="false" pull_option="none" is_schmitt_trigger="true" ddio_type="none"/>
            <efxpt:output_config name="IOOUTS[23]" name_ddio_lo="" register_option="none" clock_name="" is_clock_inverted="false" is_slew_rate="true" tied_option="none" ddio_type="none" drive_strength="4"/>
            <efxpt:output_enable_config name="IOENAS[23]" is_register="false" clock_name="" is_clock_inverted="false"/>
        </efxpt:gpio>
        <efxpt:gpio name="IOBits[24]" gpio_def="GPIOL_23" mode="inout" bus_name="IOBits" is_lvds_gpio="false" io_standard="3.3 V LVTTL / LVCMOS">
            <efxpt:input_config name="IOINS[24]" name_ddio_lo="" conn_type="normal" is_register="false" clock_name="" is_clock_inverted="false" pull_option="none" is_schmitt_trigger="true" ddio_type="none"/>
            <efxpt:output_config name="IOOUTS[24]" name_ddio_lo="" register_option="none" clock_name="" is_clock_inverted="false" is_slew_rate="true" tied_option="none" ddio_type="none" drive_strength="4"/>
            <efxpt:output_enable_config name="IOENAS[24]" is_register="false" clock_name="" is_clock_inverted="false"/>
        </efxpt:gpio>
        <efxpt:gpio name="IOBits[25]" gpio_def="GPIOR_102" mode="inout" bus_name="IOBits" is_lvds_gpio="false" io_standard="3.3 V LVTTL / LVCMOS">
            <efxpt:input_config name="IOINS[25]" name_ddio_lo="" conn_type="normal" is_register="false" clock_name="" is_clock_inverted="false" pull_option="none" is_schmitt_trigger="true" ddio_type="none"/>
            <efxpt:output_config name="IOOUTS[25]" name_ddio_lo="" register_option="none" clock_name="" is_clock_inverted="false" is_slew_rate="true" tied_option="none" ddio_type="none" drive_strength="4"/>
            <efxpt:output_enable_config name="IOENAS[25]" is_register="false" clock_name="" is_clock_inverted="false"/>
        </efxpt:gpio>
        <efxpt:gpio name="IOBits[26]" gpio_def="GPIOR_95" mode="inout" bus_name="IOBits" is_lvds_gpio="false" io_standard="3.3 V LVTTL / LVCMOS">
            <efxpt:input_config name="IOINS[26]" name_ddio_lo="" conn_type="normal" is_register="false" clock_name="" is_clock_inverted="false" pull_option="none" is_schmitt_trigger="true" ddio_type="none"/>
            <efxpt:output_config name="IOOUTS[26]" name_ddio_lo="" register_option="none" clock_name="" is_clock_inverted="false" is_slew_rate="true" tied_option="none" ddio_type="none" drive_strength="4"/>
            <efxpt:output_enable_config name="IOENAS[26]" is_register="false" clock_name="" is_clock_inverted="false"/>
        </efxpt:gpio>
        <efxpt:gpio name="IOBits[27]" gpio_def="GPIOL_44" mode="inout" bus_name="IOBits" is_lvds_gpio="false" io_standard="3.3 V LVTTL / LVCMOS">
            <efxpt:input_config name="IOINS[27]" name_ddio_lo="" conn_type="normal" is_register="false" clock_name="" is_clock_inverted="false" pull_option="none" is_schmitt_trigger="true" ddio_type="none"/>
            <efxpt:output_config name="IOOUTS[27]" name_ddio_lo="" register_option="none" clock_name="" is_clock_inverted="false" is_slew_rate="true" tied_option="none" ddio_type="none" drive_strength="4"/>
            <efxpt:output_enable_config name="IOENAS[27]" is_register="false" clock_name="" is_clock_inverted="false"/>
        </efxpt:gpio>
        <efxpt:gpio name="IOBits[28]" gpio_def="GPIOL_45" mode="inout" bus_name="IOBits" is_lvds_gpio="false" io_standard="3.3 V LVTTL / LVCMOS">
            <efxpt:input_config name="IOINS[28]" name_ddio_lo="" conn_type="normal" is_register="false" clock_name="" is_clock_inverted="false" pull_option="none" is_schmitt_trigger="true" ddio_type="none"/>
            <efxpt:output_config name="IOOUTS[28]" name_ddio_lo="" register_option="none" clock_name="" is_clock_inverted="false" is_slew_rate="true" tied_option="none" ddio_type="none" drive_strength="4"/>
            <efxpt:output_enable_config name="IOENAS[28]" is_register="false" clock_name="" is_clock_inverted="false"/>
        </efxpt:gpio>
        <efxpt:gpio name="IOBits[29]" gpio_def="GPIOL_36" mode="inout" bus_name="IOBits" is_lvds_gpio="false" io_standard="3.3 V LVTTL / LVCMOS">
            <efxpt:input_config name="IOINS[29]" name_ddio_lo="" conn_type="normal" is_register="false" clock_name="" is_clock_inverted="false" pull_option="none" is_schmitt_trigger="true" ddio_type="none"/>
            <efxpt:output_config name="IOOUTS[29]" name_ddio_lo="" register_option="none" clock_name="" is_clock_inverted="false" is_slew_rate="true" tied_option="none" ddio_type="none" drive_strength="4"/>
            <efxpt:output_enable_config name="IOENAS[29]" is_register="false" clock_name="" is_clock_inverted="false"/>
        </efxpt:gpio>
        <efxpt:gpio name="IOBits[2]" gpio_def="GPIOR_90" mode="inout" bus_name="IOBits" is_lvds_gpio="false" io_standard="3.3 V LVTTL / LVCMOS">
            <efxpt:input_config name="IOINS[2]" name_ddio_lo="" conn_type="normal" is_register="false" clock_name="" is_clock_inverted="false" pull_option="none" is_schmitt_trigger="true" ddio_type="none"/>
            <efxpt:output_config name="IOOUTS[2]" name_ddio_lo="" register_option="none" clock_name="" is_clock_inverted="false" is_slew_rate="true" tied_option="none" ddio_type="none" drive_strength="4"/>
            <efxpt:output_enable_config name="IOENAS[2]" is_register="false" clock_name="" is_clock_inverted="false"/>
        </efxpt:gpio>
        <efxpt:gpio name="IOBits[30]" gpio_def="GPIOL_34" mode="inout" bus_name="IOBits" is_lvds_gpio="false" io_standard="3.3 V LVTTL / LVCMOS">
            <efxpt:input_config name="IOINS[30]" name_ddio_lo="" conn_type="normal" is_register="false" clock_name="" is_clock_inverted="false" pull_option="none" is_schmitt_trigger="true" ddio_type="none"/>
            <efxpt:output_config name="IOOUTS[30]" name_ddio_lo="" register_option="none" clock_name="" is_clock_inverted="false" is_slew_rate="true" tied_option="none" ddio_type="none" drive_strength="4"/>
            <efxpt:output_enable_config name="IOENAS[30]" is_register="false" clock_name="" is_clock_inverted="false"/>
        </efxpt:gpio>
        <efxpt:gpio name="IOBits[31]" gpio_def="GPIOL_37" mode="inout" bus_name="IOBits" is_lvds_gpio="false" io_standard="3.3 V LVTTL / LVCMOS">
            <efxpt:input_config name="IOINS[31]" name_ddio_lo="" conn_type="normal" is_register="false" clock_name="" is_clock_inverted="false" pull_option="none" is_schmitt_trigger="true" ddio_type="none"/>
            <efxpt:output_config name="IOOUTS[31]" name_ddio_lo="" register_option="none" clock_name="" is_clock_inverted="false" is_slew_rate="true" tied_option="none" ddio_type="none" drive_strength="4"/>
            <efxpt:output_enable_config name="IOENAS[31]" is_register="false" clock_name="" is_clock_inverted="false"/>
        </efxpt:gpio>
        <efxpt:gpio name="IOBits[32]" gpio_def="GPIOL_29" mode="inout" bus_name="IOBits" is_lvds_gpio="false" io_standard="3.3 V LVTTL / LVCMOS">
            <efxpt:input_config name="IOINS[32]" name_ddio_lo="" conn_type="normal" is_register="false" clock_name="" is_clock_inverted="false" pull_option="none" is_schmitt_trigger="true" ddio_type="none"/>
            <efxpt:output_config name="IOOUTS[32]" name_ddio_lo="" register_option="none" clock_name="" is_clock_inverted="false" is_slew_rate="true" tied_option="none" ddio_type="none" drive_strength="4"/>
            <efxpt:output_enable_config name="IOENAS[32]" is_register="false" clock_name="" is_clock_inverted="false"/>
        </efxpt:gpio>
        <efxpt:gpio name="IOBits[33]" gpio_def="GPIOL_39" mode="inout" bus_name="IOBits" is_lvds_gpio="false" io_standard="3.3 V LVTTL / LVCMOS">
            <efxpt:input_config name="IOINS[33]" name_ddio_lo="" conn_type="normal" is_register="false" clock_name="" is_clock_inverted="false" pull_option="none" is_schmitt_trigger="true" ddio_type="none"/>
            <efxpt:output_config name="IOOUTS[33]" name_ddio_lo="" register_option="none" clock_name="" is_clock_inverted="false" is_slew_rate="true" tied_option="none" ddio_type="none" drive_strength="4"/>
            <efxpt:output_enable_config name="IOENAS[33]" is_register="false" clock_name="" is_clock_inverted="false"/>
        </efxpt:gpio>
        <efxpt:gpio name="IOBits[34]" gpio_def="GPIOL_48" mode="inout" bus_name="IOBits" is_lvds_gpio="false" io_standard="3.3 V LVTTL / LVCMOS">
            <efxpt:input_config name="IOINS[34]" name_ddio_lo="" conn_type="normal" is_register="false" clock_name="" is_clock_inverted="false" pull_option="none" is_schmitt_trigger="true" ddio_type="none"/>
            <efxpt:output_config name="IOOUTS[34]" name_ddio_lo="" register_option="none" clock_name="" is_clock_inverted="false" is_slew_rate="true" tied_option="none" ddio_type="none" drive_strength="4"/>
            <efxpt:output_enable_config name="IOENAS[34]" is_register="false" clock_name="" is_clock_inverted="false"/>
        </efxpt:gpio>
        <efxpt:gpio name="IOBits[35]" gpio_def="GPIOL_52" mode="inout" bus_name="IOBits" is_lvds_gpio="false" io_standard="3.3 V LVTTL / LVCMOS">
            <efxpt:input_config name="IOINS[35]" name_ddio_lo="" conn_type="normal" is_register="false" clock_name="" is_clock_inverted="false" pull_option="none" is_schmitt_trigger="true" ddio_type="none"/>
            <efxpt:output_config name="IOOUTS[35]" name_ddio_lo="" register_option="none" clock_name="" is_clock_inverted="false" is_slew_rate="true" tied_option="none" ddio_type="none" drive_strength="4"/>
            <efxpt:output_enable_config name="IOENAS[35]" is_register="false" clock_name="" is_clock_inverted="false"/>
        </efxpt:gpio>
        <efxpt:gpio name="IOBits[36]" gpio_def="GPIOL_57" mode="inout" bus_name="IOBits" is_lvds_gpio="false" io_standard="3.3 V LVTTL / LVCMOS">
            <efxpt:input_config name="IOINS[36]" name_ddio_lo="" conn_type="normal" is_register="false" clock_name="" is_clock_inverted="false" pull_option="none" is_schmitt_trigger="true" ddio_type="none"/>
            <efxpt:output_config name="IOOUTS[36]" name_ddio_lo="" register_option="none" clock_name="" is_clock_inverted="false" is_slew_rate="true" tied_option="none" ddio_type="none" drive_strength="4"/>
            <efxpt:output_enable_config name="IOENAS[36]" is_register="false" clock_name="" is_clock_inverted="false"/>
        </efxpt:gpio>
        <efxpt:gpio name="IOBits[37]" gpio_def="GPIOL_51" mode="inout" bus_name="IOBits" is_lvds_gpio="false" io_standard="3.3 V LVTTL / LVCMOS">
            <efxpt:input_config name="IOINS[37]" name_ddio_lo="" conn_type="normal" is_register="false" clock_name="" is_clock_inverted="false" pull_option="none" is_schmitt_trigger="true" ddio_type="none"/>
            <efxpt:output_config name="IOOUTS[37]" name_ddio_lo="" register_option="none" clock_name="" is_clock_inverted="false" is_slew_rate="true" tied_option="none" ddio_type="none" drive_strength="4"/>
            <efxpt:output_enable_config name="IOENAS[37]" is_register="false" clock_name="" is_clock_inverted="false"/>
        </efxpt:gpio>
        <efxpt:gpio name="IOBits[38]" gpio_def="GPIOL_53" mode="inout" bus_name="IOBits" is_lvds_gpio="false" io_standard="3.3 V LVTTL / LVCMOS">
            <efxpt:input_config name="IOINS[38]" name_ddio_lo="" conn_type="normal" is_register="false" clock_name="" is_clock_inverted="false" pull_option="none" is_schmitt_trigger="true" ddio_type="none"/>
            <efxpt:output_config name="IOOUTS[38]" name_ddio_lo="" register_option="none" clock_name="" is_clock_inverted="false" is_slew_rate="true" tied_option="none" ddio_type="none" drive_strength="4"/>
            <efxpt:output_enable_config name="IOENAS[38]" is_register="false" clock_name="" is_clock_inverted="false"/>
        </efxpt:gpio>
        <efxpt:gpio name="IOBits[39]" gpio_def="GPIOL_59" mode="inout" bus_name="IOBits" is_lvds_gpio="false" io_standard="3.3 V LVTTL / LVCMOS">
            <efxpt:input_config name="IOINS[39]" name_ddio_lo="" conn_type="normal" is_register="false" clock_name="" is_clock_inverted="false" pull_option="none" is_schmitt_trigger="true" ddio_type="none"/>
            <efxpt:output_config name="IOOUTS[39]" name_ddio_lo="" register_option="none" clock_name="" is_clock_inverted="false" is_slew_rate="true" tied_option="none" ddio_type="none" drive_strength="4"/>
            <efxpt:output_enable_config name="IOENAS[39]" is_register="false" clock_name="" is_clock_inverted="false"/>
        </efxpt:gpio>
        <efxpt:gpio name="IOBits[3]" gpio_def="GPIOR_92" mode="inout" bus_name="IOBits" is_lvds_gpio="false" io_standard="3.3 V LVTTL / LVCMOS">
            <efxpt:input_config name="IOINS[3]" name_ddio_lo="" conn_type="normal" is_register="false" clock_name="" is_clock_inverted="false" pull_option="none" is_schmitt_trigger="true" ddio_type="none"/>
            <efxpt:output_config name="IOOUTS[3]" name_ddio_lo="" register_option="none" clock_name="" is_clock_inverted="false" is_slew_rate="true" tied_option="none" ddio_type="none" drive_strength="4"/>
            <efxpt:output_enable_config name="IOENAS[3]" is_register="false" clock_name="" is_clock_inverted="false"/>
        </efxpt:gpio>
        <efxpt:gpio name="IOBits[40]" gpio_def="GPIOL_61" mode="inout" bus_name="IOBits" is_lvds_gpio="false" io_standard="3.3 V LVTTL / LVCMOS">
            <efxpt:input_config name="IOINS[40]" name_ddio_lo="" conn_type="normal" is_register="false" clock_name="" is_clock_inverted="false" pull_option="none" is_schmitt_trigger="true" ddio_type="none"/>
            <efxpt:output_config name="IOOUTS[40]" name_ddio_lo="" register_option="none" clock_name="" is_clock_inverted="false" is_slew_rate="true" tied_option="none" ddio_type="none" drive_strength="4"/>
            <efxpt:output_enable_config name="IOENAS[40]" is_register="false" clock_name="" is_clock_inverted="false"/>
        </efxpt:gpio>
        <efxpt:gpio name="IOBits[41]" gpio_def="GPIOL_58" mode="inout" bus_name="IOBits" is_lvds_gpio="false" io_standard="3.3 V LVTTL / LVCMOS">
            <efxpt:input_config name="IOINS[41]" name_ddio_lo="" conn_type="normal" is_register="false" clock_name="" is_clock_inverted="false" pull_option="none" is_schmitt_trigger="true" ddio_type="none"/>
            <efxpt:output_config name="IOOUTS[41]" name_ddio_lo="" register_option="none" clock_name="" is_clock_inverted="false" is_slew_rate="true" tied_option="none" ddio_type="none" drive_strength="4"/>
            <efxpt:output_enable_config name="IOENAS[41]" is_register="false" clock_name="" is_clock_inverted="false"/>
        </efxpt:gpio>
        <efxpt:gpio name="IOBits[42]" gpio_def="GPIOL_64" mode="inout" bus_name="IOBits" is_lvds_gpio="false" io_standard="3.3 V LVTTL / LVCMOS">
            <efxpt:input_config name="IOINS[42]" name_ddio_lo="" conn_type="normal" is_register="false" clock_name="" is_clock_inverted="false" pull_option="none" is_schmitt_trigger="true" ddio_type="none"/>
            <efxpt:output_config name="IOOUTS[42]" name_ddio_lo="" register_option="none" clock_name="" is_clock_inverted="false" is_slew_rate="true" tied_option="none" ddio_type="none" drive_strength="4"/>
            <efxpt:output_enable_config name="IOENAS[42]" is_register="false" clock_name="" is_clock_inverted="false"/>
        </efxpt:gpio>
        <efxpt:gpio name="IOBits[43]" gpio_def="GPIOL_63" mode="inout" bus_name="IOBits" is_lvds_gpio="false" io_standard="3.3 V LVTTL / LVCMOS">
            <efxpt:input_config name="IOINS[43]" name_ddio_lo="" conn_type="normal" is_register="false" clock_name="" is_clock_inverted="false" pull_option="none" is_schmitt_trigger="true" ddio_type="none"/>
            <efxpt:output_config name="IOOUTS[43]" name_ddio_lo="" register_option="none" clock_name="" is_clock_inverted="false" is_slew_rate="true" tied_option="none" ddio_type="none" drive_strength="4"/>
            <efxpt:output_enable_config name="IOENAS[43]" is_register="false" clock_name="" is_clock_inverted="false"/>
        </efxpt:gpio>
        <efxpt:gpio name="IOBits[44]" gpio_def="GPIOL_62" mode="inout" bus_name="IOBits" is_lvds_gpio="false" io_standard="3.3 V LVTTL / LVCMOS">
            <efxpt:input_config name="IOINS[44]" name_ddio_lo="" conn_type="normal" is_register="false" clock_name="" is_clock_inverted="false" pull_option="none" is_schmitt_trigger="true" ddio_type="none"/>
            <efxpt:output_config name="IOOUTS[44]" name_ddio_lo="" register_option="none" clock_name="" is_clock_inverted="false" is_slew_rate="true" tied_option="none" ddio_type="none" drive_strength="4"/>
            <efxpt:output_enable_config name="IOENAS[44]" is_register="false" clock_name="" is_clock_inverted="false"/>
        </efxpt:gpio>
        <efxpt:gpio name="IOBits[45]" gpio_def="GPIOL_66" mode="inout" bus_name="IOBits" is_lvds_gpio="false" io_standard="3.3 V LVTTL / LVCMOS">
            <efxpt:input_config name="IOINS[45]" name_ddio_lo="" conn_type="normal" is_register="false" clock_name="" is_clock_inverted="false" pull_option="none" is_schmitt_trigger="true" ddio_type="none"/>
            <efxpt:output_config name="IOOUTS[45]" name_ddio_lo="" register_option="none" clock_name="" is_clock_inverted="false" is_slew_rate="true" tied_option="none" ddio_type="none" drive_strength="4"/>
            <efxpt:output_enable_config name="IOENAS[45]" is_register="false" clock_name="" is_clock_inverted="false"/>
        </efxpt:gpio>
        <efxpt:gpio name="IOBits[46]" gpio_def="GPIOR_76" mode="inout" bus_name="IOBits" is_lvds_gpio="false" io_standard="3.3 V LVTTL / LVCMOS">
            <efxpt:input_config name="IOINS[46]" name_ddio_lo="" conn_type="normal" is_register="false" clock_name="" is_clock_inverted="false" pull_option="none" is_schmitt_trigger="true" ddio_type="none"/>
            <efxpt:output_config name="IOOUTS[46]" name_ddio_lo="" register_option="none" clock_name="" is_clock_inverted="false" is_slew_rate="true" tied_option="none" ddio_type="none" drive_strength="4"/>
            <efxpt:output_enable_config name="IOENAS[46]" is_register="false" clock_name="" is_clock_inverted="false"/>
        </efxpt:gpio>
        <efxpt:gpio name="IOBits[47]" gpio_def="GPIOR_80" mode="inout" bus_name="IOBits" is_lvds_gpio="false" io_standard="3.3 V LVTTL / LVCMOS">
            <efxpt:input_config name="IOINS[47]" name_ddio_lo="" conn_type="normal" is_register="false" clock_name="" is_clock_inverted="false" pull_option="none" is_schmitt_trigger="true" ddio_type="none"/>
            <efxpt:output_config name="IOOUTS[47]" name_ddio_lo="" register_option="none" clock_name="" is_clock_inverted="false" is_slew_rate="true" tied_option="none" ddio_type="none" drive_strength="4"/>
            <efxpt:output_enable_config name="IOENAS[47]" is_register="false" clock_name="" is_clock_inverted="false"/>
        </efxpt:gpio>
        <efxpt:gpio name="IOBits[48]" gpio_def="GPIOR_78" mode="inout" bus_name="IOBits" is_lvds_gpio="false" io_standard="3.3 V LVTTL / LVCMOS">
            <efxpt:input_config name="IOINS[48]" name_ddio_lo="" conn_type="normal" is_register="false" clock_name="" is_clock_inverted="false" pull_option="none" is_schmitt_trigger="true" ddio_type="none"/>
            <efxpt:output_config name="IOOUTS[48]" name_ddio_lo="" register_option="none" clock_name="" is_clock_inverted="false" is_slew_rate="true" tied_option="none" ddio_type="none" drive_strength="4"/>
            <efxpt:output_enable_config name="IOENAS[48]" is_register="false" clock_name="" is_clock_inverted="false"/>
        </efxpt:gpio>
        <efxpt:gpio name="IOBits[49]" gpio_def="GPIOR_81" mode="inout" bus_name="IOBits" is_lvds_gpio="false" io_standard="3.3 V LVTTL / LVCMOS">
            <efxpt:input_config name="IOINS[49]" name_ddio_lo="" conn_type="normal" is_register="false" clock_name="" is_clock_inverted="false" pull_option="none" is_schmitt_trigger="true" ddio_type="none"/>
            <efxpt:output_config name="IOOUTS[49]" name_ddio_lo="" register_option="none" clock_name="" is_clock_inverted="false" is_slew_rate="true" tied_option="none" ddio_type="none" drive_strength="4"/>
            <efxpt:output_enable_config name="IOENAS[49]" is_register="false" clock_name="" is_clock_inverted="false"/>
        </efxpt:gpio>
        <efxpt:gpio name="IOBits[4]" gpio_def="GPIOR_97" mode="inout" bus_name="IOBits" is_lvds_gpio="false" io_standard="3.3 V LVTTL / LVCMOS">
            <efxpt:input_config name="IOINS[4]" name_ddio_lo="" conn_type="normal" is_register="false" clock_name="" is_clock_inverted="false" pull_option="none" is_schmitt_trigger="true" ddio_type="none"/>
            <efxpt:output_config name="IOOUTS[4]" name_ddio_lo="" register_option="none" clock_name="" is_clock_inverted="false" is_slew_rate="true" tied_option="none" ddio_type="none" drive_strength="4"/>
            <efxpt:output_enable_config name="IOENAS[4]" is_register="false" clock_name="" is_clock_inverted="false"/>
        </efxpt:gpio>
        <efxpt:gpio name="IOBits[50]" gpio_def="GPIOR_82" mode="inout" bus_name="IOBits" is_lvds_gpio="false" io_standard="3.3 V LVTTL / LVCMOS">
            <efxpt:input_config name="IOINS[50]" name_ddio_lo="" conn_type="normal" is_register="false" clock_name="" is_clock_inverted="false" pull_option="none" is_schmitt_trigger="true" ddio_type="none"/>
            <efxpt:output_config name="IOOUTS[50]" name_ddio_lo="" register_option="none" clock_name="" is_clock_inverted="false" is_slew_rate="true" tied_option="none" ddio_type="none" drive_strength="4"/>
            <efxpt:output_enable_config name="IOENAS[50]" is_register="false" clock_name="" is_clock_inverted="false"/>
        </efxpt:gpio>
        <efxpt:gpio name="IOBits[5]" gpio_def="GPIOR_99" mode="inout" bus_name="IOBits" is_lvds_gpio="false" io_standard="3.3 V LVTTL / LVCMOS">
            <efxpt:input_config name="IOINS[5]" name_ddio_lo="" conn_type="normal" is_register="false" clock_name="" is_clock_inverted="false" pull_option="none" is_schmitt_trigger="true" ddio_type="none"/>
            <efxpt:output_config name="IOOUTS[5]" name_ddio_lo="" register_option="none" clock_name="" is_clock_inverted="false" is_slew_rate="true" tied_option="none" ddio_type="none" drive_strength="4"/>
            <efxpt:output_enable_config name="IOENAS[5]" is_register="false" clock_name="" is_clock_inverted="false"/>
        </efxpt:gpio>
        <efxpt:gpio name="IOBits[6]" gpio_def="GPIOR_93" mode="inout" bus_name="IOBits" is_lvds_gpio="false" io_standard="3.3 V LVTTL / LVCMOS">
            <efxpt:input_config name="IOINS[6]" name_ddio_lo="" conn_type="normal" is_register="false" clock_name="" is_clock_inverted="false" pull_option="none" is_schmitt_trigger="true" ddio_type="none"/>
            <efxpt:output_config name="IOOUTS[6]" name_ddio_lo="" register_option="none" clock_name="" is_clock_inverted="false" is_slew_rate="true" tied_option="none" ddio_type="none" drive_strength="4"/>
            <efxpt:output_enable_config name="IOENAS[6]" is_register="false" clock_name="" is_clock_inverted="false"/>
        </efxpt:gpio>
        <efxpt:gpio name="IOBits[7]" gpio_def="GPIOR_85" mode="inout" bus_name="IOBits" is_lvds_gpio="false" io_standard="3.3 V LVTTL / LVCMOS">
            <efxpt:input_config name="IOINS[7]" name_ddio_lo="" conn_type="normal" is_register="false" clock_name="" is_clock_inverted="false" pull_option="none" is_schmitt_trigger="true" ddio_type="none"/>
            <efxpt:output_config name="IOOUTS[7]" name_ddio_lo="" register_option="none" clock_name="" is_clock_inverted="false" is_slew_rate="true" tied_option="none" ddio_type="none" drive_strength="4"/>
            <efxpt:output_enable_config name="IOENAS[7]" is_register="false" clock_name="" is_clock_inverted="false"/>
        </efxpt:gpio>
        <efxpt:gpio name="IOBits[8]" gpio_def="GPIOR_84" mode="inout" bus_name="IOBits" is_lvds_gpio="false" io_standard="3.3 V LVTTL / LVCMOS">
            <efxpt:input_config name="IOINS[8]" name_ddio_lo="" conn_type="normal" is_register="false" clock_name="" is_clock_inverted="false" pull_option="none" is_schmitt_trigger="true" ddio_type="none"/>
            <efxpt:output_config name="IOOUTS[8]" name_ddio_lo="" register_option="none" clock_name="" is_clock_inverted="false" is_slew_rate="true" tied_option="none" ddio_type="none" drive_strength="4"/>
            <efxpt:output_enable_config name="IOENAS[8]" is_register="false" clock_name="" is_clock_inverted="false"/>
        </efxpt:gpio>
        <efxpt:gpio name="IOBits[9]" gpio_def="GPIOR_83" mode="inout" bus_name="IOBits" is_lvds_gpio="false" io_standard="3.3 V LVTTL / LVCMOS">
            <efxpt:input_config name="IOINS[9]" name_ddio_lo="" conn_type="normal" is_register="false" clock_name="" is_clock_inverted="false" pull_option="none" is_schmitt_trigger="true" ddio_type="none"/>
            <efxpt:output_config name="IOOUTS[9]" name_ddio_lo="" register_option="none" clock_name="" is_clock_inverted="false" is_slew_rate="true" tied_option="none" ddio_type="none" drive_strength="4"/>
            <efxpt:output_enable_config name="IOENAS[9]" is_register="false" clock_name="" is_clock_inverted="false"/>
        </efxpt:gpio>
        <efxpt:gpio name="LEDS[0]" gpio_def="GPIOB_RXP08" mode="output" bus_name="LEDS" is_lvds_gpio="true" io_standard="3.3 V LVTTL / LVCMOS">
            <efxpt:output_config name="LEDS[0]" name_ddio_lo="" register_option="none" clock_name="" is_clock_inverted="false" is_slew_rate="false" tied_option="none" ddio_type="none" drive_strength="4"/>
        </efxpt:gpio>
        <efxpt:gpio name="LEDS[1]" gpio_def="GPIOB_RXN07" mode="output" bus_name="LEDS" is_lvds_gpio="true" io_standard="3.3 V LVTTL / LVCMOS">
            <efxpt:output_config name="LEDS[1]" name_ddio_lo="" register_option="none" clock_name="" is_clock_inverted="false" is_slew_rate="false" tied_option="none" ddio_type="none" drive_strength="4"/>
        </efxpt:gpio>
        <efxpt:gpio name="LEDS[2]" gpio_def="GPIOB_RXP07" mode="output" bus_name="LEDS" is_lvds_gpio="true" io_standard="3.3 V LVTTL / LVCMOS">
            <efxpt:output_config name="LEDS[2]" name_ddio_lo="" register_option="none" clock_name="" is_clock_inverted="false" is_slew_rate="false" tied_option="none" ddio_type="none" drive_strength="4"/>
        </efxpt:gpio>
        <efxpt:gpio name="LEDS[3]" gpio_def="GPIOB_RXN06" mode="output" bus_name="LEDS" is_lvds_gpio="true" io_standard="3.3 V LVTTL / LVCMOS">
            <efxpt:output_config name="LEDS[3]" name_ddio_lo="" register_option="none" clock_name="" is_clock_inverted="false" is_slew_rate="false" tied_option="none" ddio_type="none" drive_strength="4"/>
        </efxpt:gpio>
        <efxpt:gpio name="LIOOUTS[0]" gpio_def="GPIOL_13" mode="output" bus_name="LIOOUTS" is_lvds_gpio="false" io_standard="3.3 V LVTTL / LVCMOS">
            <efxpt:output_config name="LIOOUTS[0]" name_ddio_lo="" register_option="none" clock_name="" is_clock_inverted="false" is_slew_rate="false" tied_option="none" ddio_type="none" drive_strength="1"/>
        </efxpt:gpio>
        <efxpt:gpio name="LIOOUTS[1]" gpio_def="GPIOL_12" mode="output" bus_name="LIOOUTS" is_lvds_gpio="false" io_standard="3.3 V LVTTL / LVCMOS">
            <efxpt:output_config name="LIOOUTS[1]" name_ddio_lo="" register_option="none" clock_name="" is_clock_inverted="false" is_slew_rate="false" tied_option="none" ddio_type="none" drive_strength="1"/>
        </efxpt:gpio>
        <efxpt:gpio name="NECS" gpio_def="GPIOB_TXP02" mode="output" bus_name="" is_lvds_gpio="true" io_standard="3.3 V LVTTL / LVCMOS">
            <efxpt:output_config name="NECS" name_ddio_lo="" register_option="none" clock_name="" is_clock_inverted="false" is_slew_rate="false" tied_option="none" ddio_type="none" drive_strength="1"/>
        </efxpt:gpio>
        <efxpt:gpio name="NEREAD" gpio_def="GPIOB_TXN02" mode="output" bus_name="" is_lvds_gpio="true" io_standard="3.3 V LVTTL / LVCMOS">
            <efxpt:output_config name="NEREAD" name_ddio_lo="" register_option="none" clock_name="" is_clock_inverted="false" is_slew_rate="false" tied_option="none" ddio_type="none" drive_strength="1"/>
        </efxpt:gpio>
        <efxpt:gpio name="NERST" gpio_def="GPIOB_TXP03" mode="output" bus_name="" is_lvds_gpio="true" io_standard="3.3 V LVTTL / LVCMOS">
            <efxpt:output_config name="NERST" name_ddio_lo="" register_option="none" clock_name="" is_clock_inverted="false" is_slew_rate="false" tied_option="none" ddio_type="none" drive_strength="1"/>
        </efxpt:gpio>
        <efxpt:gpio name="NEWRITE" gpio_def="GPIOB_TXN01" mode="output" bus_name="" is_lvds_gpio="true" io_standard="3.3 V LVTTL / LVCMOS">
            <efxpt:output_config name="NEWRITE" name_ddio_lo="" register_option="none" clock_name="" is_clock_inverted="false" is_slew_rate="false" tied_option="none" ddio_type="none" drive_strength="1"/>
        </efxpt:gpio>
        <efxpt:gpio name="NINIT" gpio_def="GPIOL_71" mode="output" bus_name="" is_lvds_gpio="false" io_standard="3.3 V LVTTL / LVCMOS">
            <efxpt:output_config name="NINIT" name_ddio_lo="" register_option="none" clock_name="" is_clock_inverted="false" is_slew_rate="false" tied_option="none" ddio_type="none" drive_strength="1"/>
        </efxpt:gpio>
        <efxpt:gpio name="OPTS[0]" gpio_def="GPIOR_106" mode="input" bus_name="OPTS" is_lvds_gpio="false" io_standard="3.3 V LVTTL / LVCMOS">
            <efxpt:input_config name="OPTS[0]" name_ddio_lo="" conn_type="normal" is_register="false" clock_name="" is_clock_inverted="false" pull_option="weak pulldown" is_schmitt_trigger="true" ddio_type="none"/>
        </efxpt:gpio>
        <efxpt:gpio name="OPTS[1]" gpio_def="GPIOR_108" mode="input" bus_name="OPTS" is_lvds_gpio="false" io_standard="3.3 V LVTTL / LVCMOS">
            <efxpt:input_config name="OPTS[1]" name_ddio_lo="" conn_type="normal" is_register="false" clock_name="" is_clock_inverted="false" pull_option="weak pulldown" is_schmitt_trigger="true" ddio_type="none"/>
        </efxpt:gpio>
        <efxpt:gpio name="PLL_Refclk" gpio_def="GPIOL_74" mode="input" bus_name="" is_lvds_gpio="false" io_standard="3.3 V LVTTL / LVCMOS">
            <efxpt:input_config name="PLL_Refclk" name_ddio_lo="" conn_type="pll_clkin" is_register="false" clock_name="" is_clock_inverted="false" pull_option="none" is_schmitt_trigger="true" ddio_type="none"/>
        </efxpt:gpio>
        <efxpt:gpio name="SPICLK" gpio_def="GPIOL_01" mode="output" bus_name="" is_lvds_gpio="false" io_standard="3.3 V LVTTL / LVCMOS">
            <efxpt:output_config name="SPICLK" name_ddio_lo="" register_option="none" clock_name="" is_clock_inverted="false" is_slew_rate="false" tied_option="none" ddio_type="none" drive_strength="1"/>
        </efxpt:gpio>
        <efxpt:gpio name="SPICS" gpio_def="GPIOL_00" mode="output" bus_name="" is_lvds_gpio="false" io_standard="3.3 V LVTTL / LVCMOS">
            <efxpt:output_config name="SPICS" name_ddio_lo="" register_option="none" clock_name="" is_clock_inverted="false" is_slew_rate="false" tied_option="none" ddio_type="none" drive_strength="1"/>
        </efxpt:gpio>
        <efxpt:gpio name="SPIIN" gpio_def="GPIOL_09" mode="input" bus_name="" is_lvds_gpio="false" io_standard="3.3 V LVTTL / LVCMOS">
            <efxpt:input_config name="SPIIN" name_ddio_lo="" conn_type="normal" is_register="false" clock_name="" is_clock_inverted="false" pull_option="none" is_schmitt_trigger="false" ddio_type="none"/>
        </efxpt:gpio>
        <efxpt:gpio name="SPIOUT" gpio_def="GPIOL_08" mode="output" bus_name="" is_lvds_gpio="false" io_standard="3.3 V LVTTL / LVCMOS">
            <efxpt:output_config name="SPIOUT" name_ddio_lo="" register_option="none" clock_name="" is_clock_inverted="false" is_slew_rate="false" tied_option="none" ddio_type="none" drive_strength="1"/>
        </efxpt:gpio>
        <efxpt:global_unused_config state="input with weak pullup"/>
        <efxpt:bus name="IOBits" mode="inout" msb="50" lsb="0"/>
        <efxpt:bus name="EDATA" mode="inout" msb="15" lsb="0"/>
        <efxpt:bus name="LEDS" mode="output" msb="3" lsb="0"/>
        <efxpt:bus name="OPTS" mode="input" msb="1" lsb="0"/>
        <efxpt:bus name="LIOOUTS" mode="output" msb="1" lsb="0"/>
    </efxpt:gpio_info>
    <efxpt:pll_info>
        <efxpt:pll name="pll_inst1" pll_def="PLL_TL0" ref_clock_name="" ref_clock_freq="50.00" multiplier="32" pre_divider="1" post_divider="8" reset_name="" locked_name="" is_ipfrz="false" is_bypass_lock="true">
            <efxpt:output_clock name="procclk" number="0" out_divider="2" adv_out_phase_shift="0"/>
            <efxpt:output_clock name="hm2fastclock" number="1" out_divider="1" adv_out_phase_shift="0"/>
            <efxpt:adv_prop ref_clock_mode="external" ref_clock1_name="" ext_ref_clock_id="2" clksel_name="" feedback_clock_name="" feedback_mode="internal"/>
        </efxpt:pll>
    </efxpt:pll_info>
    <efxpt:lvds_info/>
    <efxpt:jtag_info/>
</efxpt:design_db>
